source,target,weight
EU,US,144459
EU,GB,85123
CA,EU,29994
EU,RU,35264
CH,EU,32129
EU,UA,14847
EU,IN,23741
AU,EU,16993
BR,EU,12510
EU,IL,5810
CN,EU,2706
EU,NP,102
EU,JP,6878
EU,NO,12608
EU,NZ,2372
BY,EU,2064
AR,EU,5005
EU,SG,1810
EU,PK,713
EU,MX,840
EG,EU,893
EU,IR,3298
EU,TN,794
EU,VN,1348
EU,TR,3472
EU,TW,1082
EU,ZA,2378
EU,TH,1282
EU,KR,1504
EU,HK,3474
EU,RS,2029
CO,EU,1806
EU,PH,491
EU,RE,179
BD,EU,116
EU,ID,454
CL,EU,474
EU,KN,165
EU,MD,137
EU,MK,294
EU,MA,581
EU,PE,228
EU,VE,169
EU,NG,886
EU,PA,101
EU,MY,349
EU,GE,105
BH,EU,106
AE,EU,118
EU,KZ,119
CR,EU,107
EU,UY,192
EU,KG,112
EU,MU,217
EU,LK,110
EU,ML,233
EU,IS,230
EU,PF,118
DZ,EU,106
EC,EU,123
EU,MG,116
EU,GT,104
AL,EU,214
BO,EU,106
EU,KH,107
CU,EU,112
EU,KE,351
BJ,EU,132
DO,EU,103
BA,EU,115
EU,LB,133
EU,GP,103
AD,EU,106
CV,EU,110
EU,GI,104
EU,KW,107
EU,UG,132
AM,EU,108
CI,EU,103
EU,MO,121
EU,SN,102
EU,MM,107
EU,PY,109
EU,JE,118
BN,EU,112
EU,MN,105
EU,TZ,103
EU,SA,102
EU,NI,128
EU,UZ,111
CM,EU,107
EU,JO,108
EU,LC,105
EU,LI,108
EU,GF,114
AX,EU,110
BM,EU,102
EU,IM,103
EU,QA,172
EU,WS,104
AW,EU,136
EU,PS,105
CW,EU,104
EU,IQ,107
EU,FO,104
EU,HN,126
EU,nan,103
EU,SM,112
EU,SY,109
EU,PR,106
EU,GH,103
CD,EU,122
AZ,EU,104
EU,ME,133
AO,EU,150
EU,MC,104
EU,RW,108
ET,EU,109
EU,MQ,122
EU,SC,106
EU,TJ,102
EU,GN,127
EU,HT,203
EU,TG,134
EU,TT,151
EU,SV,115
EU,XK,128
EU,SL,133
EU,KY,130
EU,TM,117
CG,EU,172
EU,LA,129
EU,SR,107
EU,NC,106
EU,OM,118
BS,EU,155
EU,MR,103
EU,YE,130
BB,EU,153
AF,EU,111
EU,VI,112
CA,GR,117
AT,SK,114
IT,LT,121
ET,IN,136
ES,GB,4451
CH,HK,108
FR,MY,103
BE,CH,231
JP,PH,156
ID,TH,103
HR,JP,443
MX,PE,199
LU,NL,107
MD,RO,114
PE,US,611
GB,GR,556
DE,UA,3736
PA,VE,185
CH,IN,793
ES,SI,105
FI,GE,107
NG,SG,109
FR,MK,110
BE,DE,2337
AR,FR,458
DE,MA,138
BY,US,634
CA,NZ,237
NG,PT,111
AU,FR,1479
DE,LI,108
EG,PS,113
ES,NI,128
MU,RU,109
EG,FR,109
NZ,US,2577
IT,PT,309
BE,HU,103
CO,EC,102
BG,CA,107
IN,RW,116
DO,ES,107
EC,HK,142
BR,HK,103
GR,IT,183
DE,KE,112
IN,UY,107
BJ,FR,132
BR,UA,117
GB,LV,158
FI,JP,109
DK,NZ,119
BA,HR,101
IL,TR,105
ES,LV,104
ES,ME,102
BE,CY,222
BG,RS,114
HN,US,128
EE,PL,110
CO,PT,103
BE,IE,114
LB,TR,112
MT,UA,112
AE,JO,107
PK,QA,103
BY,IT,101
DE,MT,105
EE,LT,110
AE,CH,106
JP,NL,495
IE,SE,127
AM,PL,111
ET,NL,114
AE,IL,123
CO,SE,129
SI,TR,104
DE,GH,132
BR,PK,103
NL,TH,101
HK,NZ,142
HK,SE,103
BY,CY,128
EG,KE,108
GE,LU,125
BG,DK,104
RS,SE,103
GE,ID,115
JO,NG,102
AZ,TR,130
AT,RO,116
BE,FI,103
GR,UA,115
MU,US,103
LT,US,219
PT,SE,116
EG,TZ,125
AM,KZ,123
EG,RU,104
ID,TR,101
ES,HU,118
DE,PR,253
GE,ME,148
RO,TH,111
MZ,UG,105
IS,US,158
GR,PL,105
CN,PL,114
NO,RO,110
DE,SI,299
NZ,PL,136
FR,LV,102
BR,TR,119
FI,RO,118
BD,GB,109
KR,RU,152
CA,PH,184
DK,FI,109
FR,KZ,164
BE,HR,174
NG,SV,160
CH,EC,140
CZ,FR,1605
LT,RU,117
CN,MY,106
RS,TR,188
IR,TR,107
BG,CD,153
BR,VN,103
CA,CZ,510
PR,US,285
NP,PK,103
DK,GR,130
IN,PH,106
EE,PK,160
AE,TZ,106
NZ,SG,102
CN,TR,131
TR,US,2051
BA,IN,112
AU,UA,249
PL,SE,375
ES,IE,323
DE,NG,406
BG,HK,149
MX,NL,101
CH,CY,102
AU,MY,104
AT,SI,103
BY,GE,127
BG,IN,234
HR,US,329
US,VN,1608
PK,TH,101
CN,NL,236
HU,RU,125
BR,RS,113
BY,UA,656
BE,TN,115
IN,UZ,125
PT,RS,135
CD,IN,296
CO,DE,260
RO,RU,347
HK,PK,175
GR,SE,106
FR,TW,181
SG,UA,116
MX,PH,169
ET,PT,148
ES,SA,115
LT,PT,131
RO,TW,106
CZ,SG,111
CH,IE,107
KR,PK,143
HU,ME,141
IT,XK,139
ES,VN,110
LI,US,131
CA,EE,110
AR,PA,115
FI,LV,106
CO,PL,122
CA,MX,283
HK,NL,205
PS,SA,120
DE,UY,108
CA,VN,110
BR,FI,175
CA,CL,107
ET,GB,127
CH,PK,116
BH,CH,232
BD,NG,106
IE,RS,165
ES,LT,122
JP,PT,133
CI,IN,131
CH,KZ,134
GR,TR,102
CR,HU,108
AU,BY,112
NZ,SE,101
AU,FI,124
BE,RU,168
CU,DE,107
IT,NG,107
KE,RO,101
CA,HU,107
KE,TD,120
KE,ZM,112
FR,SN,102
IR,SG,112
AT,EE,108
AM,GB,147
AR,EE,204
PH,PK,146
AR,GR,112
BH,IN,114
EG,NG,132
TZ,UG,116
HR,SE,102
CA,GH,151
HU,SE,141
NP,ZA,337
CH,DZ,285
FR,OM,132
AR,TR,115
PK,UA,115
HU,PT,116
CA,RO,215
ZA,ZW,111
FR,KH,128
ET,FR,184
BE,BG,107
LK,US,315
BG,FR,109
HU,MY,138
NO,NP,226
KE,TZ,105
MY,ZA,118
ID,PT,113
NG,RU,106
AU,DE,3858
IT,US,5632
CR,VE,103
AU,TH,101
NC,US,102
MY,US,475
RS,US,439
CY,GB,105
CN,RU,393
TR,UA,132
FR,RO,378
CN,NZ,120
JP,RU,551
BA,RS,210
AT,HU,222
CA,LV,102
CA,IN,3608
NG,ZA,102
EC,ES,113
AU,CN,595
AU,NL,1147
CY,UA,122
SN,US,122
IN,PK,299
CA,CO,195
AT,PT,124
AM,GE,215
DE,SV,104
GB,PH,122
CH,MA,102
ID,IN,564
CL,MX,108
BY,LV,107
SE,TR,135
CA,NP,104
MN,US,125
GE,US,157
AR,PY,168
DE,MX,262
HU,RO,116
GE,PT,258
HK,PL,141
AR,ZA,302
ES,NZ,106
IR,SE,105
JP,NP,116
DE,XK,128
DK,MD,104
LV,US,146
CZ,SE,117
JP,LV,103
BR,GE,105
AU,NO,141
BD,CH,131
BE,LU,159
EC,VE,104
HK,LU,167
BY,KR,164
NO,UZ,163
BY,ID,125
CA,MA,109
AE,ET,109
ES,KE,115
IL,SE,101
IQ,PS,124
BR,CN,102
BE,RS,119
BR,SI,108
AM,PK,216
FJ,US,147
KE,MW,131
DO,IN,107
DE,RU,11393
FR,JP,1039
AT,US,2241
KE,ZA,114
IT,PL,413
GB,ID,204
FI,FR,511
AU,BE,140
CM,FR,121
BG,NO,103
GB,GE,122
EC,PE,106
GB,LK,111
AM,TR,184
DZ,IN,105
BR,LT,108
IT,MX,101
IN,UG,125
ET,ZA,126
GE,TH,106
ES,UA,437
AU,VN,136
BE,PL,224
TN,US,102
PA,SI,109
CA,CN,563
BG,RU,349
CY,FR,102
HR,RU,102
DE,PH,120
AM,TH,106
EC,IN,105
CA,PE,113
CA,SA,101
CR,MX,101
AR,NZ,132
BR,ZW,148
CZ,DE,2222
CA,GB,5968
PL,VN,102
IL,NL,297
PT,TH,131
SE,SG,146
ET,GH,106
BR,KR,106
MM,SG,113
EE,TH,108
AT,IT,241
RU,SK,103
CD,ES,523
FI,VN,107
EG,GH,104
GB,nan,107
GB,PE,109
DO,FR,103
AR,VE,282
FR,UA,1159
KR,TW,115
CO,FR,149
MY,TW,103
MA,NL,103
GT,US,112
BE,GR,117
CA,DO,101
SK,US,219
CO,US,1559
ES,TH,130
GE,TR,146
NP,SE,159
IN,NO,146
IL,MX,136
CA,FR,5352
DE,GE,125
AU,GB,4268
BR,JP,146
CR,PK,272
DE,ET,101
BH,HK,117
ES,PE,103
CN,LU,205
IT,ZA,103
TN,TR,106
PK,SG,102
PH,RS,157
CL,IT,105
CW,NL,104
CU,IN,201
BO,IN,102
AT,DK,106
DZ,GB,104
MD,UA,108
IE,ZA,130
IT,RS,103
ET,PK,109
BY,TR,109
CA,UY,105
CL,GB,113
CN,GB,789
EE,SE,101
AF,IN,116
IN,ZA,251
RE,US,214
CO,IN,109
CY,KZ,271
AU,IE,114
AT,GE,117
IT,SI,115
GB,MW,102
EG,NL,147
BY,ES,112
CO,RU,104
FR,VN,109
PT,UY,201
BG,JP,122
NL,TW,194
CZ,MX,203
BD,RU,116
AF,PK,123
AT,IL,115
CA,IS,102
CA,VE,113
FR,IE,521
IR,NL,664
RU,UA,4693
CZ,IE,109
AE,IE,102
SK,UY,153
KZ,TR,107
MX,VE,121
TH,UA,112
CA,TW,218
BR,DK,108
KR,PL,106
AT,CA,531
EE,KZ,205
CA,GE,137
PK,TR,104
ET,VE,185
AM,IL,105
BY,ME,127
DE,nan,103
CH,TJ,103
IN,IQ,113
BR,PY,102
CH,MT,112
IE,LU,105
LT,PK,105
JM,US,160
NZ,TW,103
AE,IR,130
CA,UZ,107
RU,TR,111
FR,NL,3443
DE,TN,116
BR,EE,104
EE,ES,106
GB,MK,110
CO,IL,112
CA,JP,1153
AU,DK,185
AT,BR,164
GB,SG,533
BE,UG,110
CN,FR,700
BD,TR,105
DE,KZ,119
FR,TH,123
FR,SE,1636
TH,US,810
JP,SE,106
BG,BR,105
NG,VN,115
BE,SG,101
EG,ES,109
FR,LU,546
GB,GH,150
CY,LT,184
NZ,RO,113
IN,SA,114
KW,TR,186
BR,VE,101
CA,IT,746
DK,IN,103
AT,TR,113
AR,RU,101
TH,TR,146
CN,MK,143
CH,DK,160
KE,MA,102
NO,UA,124
BH,MY,108
IT,RU,727
FI,PL,229
PH,TH,118
AE,HK,104
AR,DO,118
JP,VN,398
MT,MY,227
AR,US,2484
AE,FI,101
IN,JM,106
IM,US,103
IT,VN,102
IM,SV,108
GB,KR,230
AU,LK,108
AM,BY,101
DE,TH,143
BD,SE,218
FI,UA,226
BD,KE,112
ML,US,114
IR,RO,109
IL,SG,127
NO,TR,133
NL,US,11684
AD,GB,138
AR,HU,110
DE,GR,391
EG,GB,107
MX,PA,134
ID,IL,129
EE,GB,141
AM,IN,128
CA,GT,120
MT,PL,248
MM,US,138
BD,PK,122
SE,TH,103
AM,IE,101
DK,MX,113
CH,FI,171
EG,UA,124
GE,RS,124
HR,IN,114
PT,TR,118
KZ,MD,184
KR,MY,159
MA,PT,112
CM,GH,232
PK,SA,116
IN,TN,108
AT,FR,914
EE,HU,107
CA,LT,113
FI,HK,102
IT,ME,152
MY,NP,131
GB,ME,107
BR,CR,140
AE,BE,125
AT,PL,271
BR,UY,101
LU,RU,116
GB,MY,184
AE,DE,167
NL,XK,110
EG,OM,106
MX,SE,121
KZ,SE,108
BE,UA,111
NL,PS,125
CL,CN,113
AR,RO,101
CD,FR,118
CM,PK,147
JP,NZ,118
BR,MX,162
BD,IL,108
CO,TR,150
SA,SD,106
PH,TR,101
NL,VN,101
CA,KE,108
AR,JP,102
ES,GE,235
BE,IT,259
ME,SE,142
AE,TH,121
AE,FR,106
DK,IT,222
CZ,JP,104
BY,IL,126
GB,MD,102
FI,NL,289
IS,SG,645
CY,DE,121
LK,SG,104
AE,PT,108
GB,ZA,678
NP,US,217
CA,SG,430
AT,IN,459
HU,UA,106
IL,PS,101
GB,TH,121
KG,KZ,105
JP,TR,123
BO,CO,104
GB,TW,321
FI,GR,101
CA,IR,278
GB,RS,311
GH,IN,123
NG,SA,121
CZ,IT,179
AE,NL,104
LU,PL,101
KG,TR,111
RU,SI,119
CH,VN,112
ID,MY,126
ES,SK,103
AU,RS,101
TN,UA,203
CZ,DK,118
CL,EC,123
IL,VN,172
BG,UY,109
FR,LB,101
FR,RS,145
IS,ZA,239
CZ,GE,108
HK,IL,114
IN,SK,101
EE,PT,105
HU,PK,187
AU,EC,157
BH,SG,154
FO,US,122
GB,MC,143
CR,ES,107
JP,MO,107
IL,LK,123
LB,PL,108
CH,TW,107
CA,KZ,107
CL,GR,107
EG,JO,195
DE,MY,145
EE,IT,101
BE,TR,107
FR,KR,310
AT,NO,101
BY,UZ,155
ME,UA,105
EE,KR,173
AU,EE,128
AT,BH,163
HR,UY,160
IE,IT,420
CO,CZ,106
AR,CW,106
CH,IR,102
AE,ID,105
HR,TR,103
MA,RU,150
CZ,RU,431
FR,IR,445
HK,VN,133
BO,US,366
AT,UA,164
IL,PT,169
DK,RS,102
ES,KR,102
CH,ID,106
DE,UG,110
BY,EE,126
CH,PR,108
BD,TH,105
HK,NG,104
AU,JP,485
BS,US,114
NL,SY,127
AU,PK,111
HR,PL,101
IT,TW,101
AE,UA,103
DE,FI,3156
KZ,PL,117
PT,US,1393
IL,ZA,104
GT,SV,140
RS,XK,128
CD,KE,163
CM,US,104
CA,SV,130
AZ,UA,158
KR,NZ,102
AE,SE,104
EG,ZA,140
HK,SK,104
EC,MX,101
ID,NO,120
IL,US,12194
DE,GB,27471
SI,US,259
DE,NO,2242
BR,DE,1991
FR,IN,2234
CH,JP,308
BR,CZ,547
IE,UA,150
SG,VN,606
CH,SE,347
BE,IN,754
HU,RS,123
CA,HK,404
PL,RS,114
CA,NG,165
DK,UA,206
AR,IN,190
DK,RU,135
BR,PH,102
JP,PL,242
CZ,EE,107
ID,ZA,108
PT,RO,103
ES,GR,250
ES,ZA,163
DK,JP,107
IL,JP,118
BG,CH,160
NL,UY,117
IN,NZ,138
JP,MY,103
GB,UG,101
FR,PF,118
IN,MM,151
CZ,RS,103
AE,US,379
MK,NL,107
CL,PL,116
CN,TH,104
AE,PK,132
BR,IE,167
NL,SK,106
BJ,NG,103
MM,MY,105
AQ,AU,104
GB,VN,155
DO,US,530
FR,PT,414
AR,ES,913
AU,CZ,293
MY,SG,374
AR,BR,492
CA,TR,133
DE,EC,123
FR,MX,144
AR,FI,112
DE,ID,164
CH,TH,109
FI,HR,102
CL,PE,152
HK,IT,116
TT,US,103
KR,NL,104
PL,UA,965
IN,JP,491
BR,GR,106
ES,UY,111
AR,NO,110
CL,DE,104
AU,MX,104
KE,PK,121
DE,RO,1408
BZ,US,101
ES,NG,106
BM,US,108
FI,US,2307
DE,IE,1023
ES,SE,822
BE,GB,1454
DE,SG,602
CH,ES,1019
CN,SE,107
RO,UA,147
AU,KH,111
CZ,IN,454
AT,ES,259
JP,UA,142
SK,UA,102
JO,US,144
RU,TJ,114
AT,DE,5837
GR,NL,399
SV,US,130
CH,EE,113
GE,IL,140
AU,TL,115
ME,RS,101
GR,US,1220
BR,GB,1486
CA,NL,1630
IE,NL,468
AZ,PL,108
KE,NL,108
BE,SE,295
GB,RU,4600
IN,TH,113
DK,EE,106
CO,UA,121
ES,NO,268
HK,SG,811
NL,SG,165
CA,NO,275
JP,SG,1103
US,YE,110
AR,DK,101
FR,SG,398
NL,PL,1866
AU,RO,104
DE,NL,10883
LV,NO,129
IR,US,1255
CA,LB,112
DE,VN,260
CN,IL,103
IN,PL,548
BE,CN,103
GR,PT,121
RS,RU,104
RO,ZA,119
MU,NG,108
FR,HR,105
KR,US,3766
CH,FR,6530
IL,PL,307
IN,NL,2340
DE,JP,2013
KZ,RU,346
GB,HU,701
BE,CZ,204
DE,NP,102
GB,NG,628
IE,NO,130
CU,US,235
AR,AU,156
LA,US,112
GB,MG,102
BR,ID,120
CN,TW,1134
GB,UA,1489
AU,RU,783
BY,GB,199
MD,RU,125
HK,KR,235
FR,GR,408
ES,PH,104
ME,US,146
DK,GB,1483
IN,TR,187
RU,TW,197
BR,NZ,101
IN,KW,109
ZA,nan,225
AT,FI,144
AR,NL,163
CH,EG,111
BY,UG,197
DE,LT,110
CL,UA,154
KR,SE,101
CA,PK,107
IE,SG,118
CO,GT,108
DE,US,51881
NL,SE,1176
NL,RO,494
IE,RU,158
FR,ID,131
ES,FI,361
FR,MA,395
AU,BR,263
BR,ES,686
HR,UA,141
PH,RU,103
EE,FI,106
DZ,FR,104
AZ,RU,114
DE,FR,13899
US,ZA,744
GB,TR,494
BG,IL,105
IT,MA,101
FR,GB,10395
PL,RU,955
BR,SG,108
FR,PK,116
RU,US,9870
CZ,GB,1781
BR,IL,130
CZ,SK,1211
AT,CH,661
GB,VU,108
AR,SI,107
BY,IN,108
PL,RO,113
CW,US,132
AT,UY,102
BY,NL,159
FR,LT,106
PA,US,127
MY,SE,111
AT,RS,106
CA,CR,103
KE,NG,191
DE,LB,115
CZ,RO,121
CZ,SI,105
NP,RU,147
BR,CL,108
DE,TZ,117
BY,FR,105
AR,IR,107
AR,NG,131
CZ,TW,115
CN,PK,109
LT,PL,102
NG,US,738
FR,IT,2270
GB,IL,2130
DE,IR,1512
FI,GB,494
CA,SE,797
AU,NP,107
IL,RO,103
NL,PT,266
BE,CA,627
BE,RO,106
CA,CH,779
RW,US,135
GB,MU,122
AL,DE,114
AU,TW,214
AR,RS,133
DE,HR,359
CH,CN,149
CL,VE,147
BY,SG,141
CU,ES,103
NP,TH,113
BE,ZA,125
UA,ZA,115
CA,SN,193
CH,MK,152
IN,LU,103
PH,ZA,121
MX,NO,141
CN,IR,101
TW,UA,103
IT,LV,116
IL,MK,119
DE,IQ,107
BD,JP,117
KH,NL,113
ID,IT,104
CZ,TH,104
IL,TW,102
PK,VE,102
DE,IN,7665
GB,SE,3032
AU,NZ,2113
CH,NL,962
FR,IL,466
BG,DE,1211
NL,TR,281
FR,HK,363
LB,US,108
CH,TR,129
FI,IN,308
IN,LB,112
AT,AU,137
MZ,US,103
MX,UA,118
CH,PT,120
CL,RU,122
DE,DZ,128
BD,NL,106
PH,SE,106
AT,LU,152
MX,SG,121
GE,IT,113
NZ,PH,111
HR,RS,105
CO,DO,106
BY,RU,2141
ES,IT,2081
AR,UY,446
MT,US,111
IN,RU,1206
BY,PL,267
CA,PL,814
RU,UZ,110
IE,IN,419
BA,US,101
NG,NL,102
DK,ZA,113
PT,ZA,105
CA,PT,162
BG,BY,102
JP,MX,106
FR,TR,191
BE,BR,102
DE,TW,359
LK,NL,110
HK,UA,155
RU,TH,188
CL,CO,129
ET,KE,125
ID,LK,105
HU,NG,185
NZ,RU,119
CH,MX,102
NP,SI,124
AM,AR,123
AE,ZA,106
FR,US,17091
CN,US,33263
DE,IT,2955
US,UY,420
EC,US,187
MK,US,147
AR,CL,124
RO,US,1594
CO,DK,208
NG,UG,115
AU,SE,377
CO,GB,123
CZ,NO,113
LV,TR,106
AD,IN,549
BR,NO,112
ES,TR,117
NO,TH,109
BG,CZ,106
PL,SA,307
AT,SE,203
GB,JM,143
PL,TH,124
ES,HR,106
NO,ZA,132
DK,TR,149
CL,JP,104
BR,RO,101
HK,HU,107
BE,MD,142
ID,NG,110
LV,TH,103
IN,US,32565
GB,IN,7379
JP,TW,827
CZ,NL,516
DE,DK,1529
DK,NL,698
GB,LU,116
NO,RU,152
IT,NZ,104
CH,UA,128
FI,HU,103
GY,US,109
GR,NZ,101
IT,JP,171
HK,TR,102
HK,ID,103
MD,PT,196
BR,SE,258
DK,LB,323
EE,RU,395
FI,TR,105
IE,PK,108
DK,HR,118
BG,MK,213
BG,CG,172
KE,TN,142
MY,NL,101
CZ,IQ,174
MQ,US,120
AU,BG,108
CO,NL,114
AD,IL,115
IT,KE,106
HU,US,834
AM,US,149
US,VE,434
AU,PL,394
RU,SG,333
IN,KR,124
NL,PK,154
CH,CO,115
BB,US,101
SK,TR,102
NZ,PT,129
IT,NO,156
AE,MY,122
IN,MD,104
DK,NO,174
BG,NL,227
KW,US,109
BR,NG,143
CH,SK,114
NL,SI,180
IN,MY,193
AU,ZA,130
FI,PH,137
CY,IL,114
BG,SY,116
CH,LU,109
TR,VN,189
HK,KZ,188
FR,SK,128
AR,ID,170
IT,RO,154
GB,SK,145
GE,SG,144
FR,MD,136
KR,PH,107
CA,TZ,124
SK,VN,103
IE,US,2216
CH,NZ,118
BR,CO,108
GB,SA,117
CH,DE,10469
BE,FR,2274
IN,SG,1589
DE,RS,157
PT,UA,107
IN,LK,247
HR,IT,111
HU,PL,199
JP,MM,110
HR,NL,129
GB,TN,105
GE,SI,558
CH,GR,147
GB,MX,160
ID,SK,113
IN,OM,106
AT,MX,204
CA,HR,109
IN,KZ,136
DK,IS,111
MA,US,121
AR,DE,661
ES,RU,697
HK,MY,107
AM,DE,108
IN,MA,113
RO,RS,123
FI,UZ,147
AR,CR,128
AE,EG,102
CZ,TR,117
EG,IE,120
DK,SK,102
AU,NG,110
AE,RS,128
AE,GE,122
NL,SA,104
CY,PT,103
CR,US,613
GB,JP,1370
BR,CA,1100
CH,HU,153
ES,MX,240
GB,KE,292
ES,JP,235
BO,MX,125
MA,NG,101
AF,GE,187
CL,HN,125
CZ,GR,111
FR,NO,762
DE,LK,118
FI,PT,106
BG,PL,114
BR,PE,105
RO,SG,122
HK,LT,129
CA,RW,127
ET,IS,114
BG,ES,182
CH,SG,109
GE,KG,147
AU,HU,105
PY,SG,105
CY,ID,249
GB,LT,247
DZ,TN,131
DE,ES,7506
CM,NG,105
GB,US,45302
JP,KR,816
BR,RU,237
TW,ZA,140
HK,PH,144
PL,SK,111
CN,SI,119
IT,SG,101
GH,ZA,118
CL,US,880
CZ,VN,121
KR,RO,235
AR,CZ,101
ID,JP,126
IN,MU,114
CH,CZ,498
AU,CH,516
IN,SI,128
NI,US,117
GB,SI,174
IL,RS,107
BJ,IL,133
ID,UA,108
AE,MX,105
FR,PL,1794
BR,PT,277
DE,PK,145
GB,MA,104
AU,SK,193
CH,GB,3717
IN,SE,629
NP,VN,108
EC,GB,118
AT,CN,135
BD,FR,135
BY,QA,117
RO,TR,108
BY,CZ,107
PL,US,5611
AR,CO,417
BR,FR,1074
CR,GB,102
CY,RU,124
ES,HK,166
CH,LT,110
SE,US,5032
NL,RU,1957
PK,US,637
IE,PL,226
AU,CO,143
AM,MY,132
AR,CH,103
CL,SG,102
FR,ME,204
RS,SG,108
ES,NL,1935
UG,US,174
IE,MY,116
FR,ZA,156
LT,NL,101
LK,NZ,101
JP,US,10999
NO,US,2945
IT,UA,243
BG,LU,565
MO,SG,245
HU,IE,106
BY,GH,105
AE,JP,163
MD,NL,105
EE,NL,123
UA,US,5939
AU,SG,396
AE,PL,126
CH,KG,302
UY,VE,103
ME,RU,102
CH,PL,457
CO,PE,135
CH,RS,122
LT,UA,149
EE,US,465
JP,NO,122
AU,US,13048
FI,SE,657
GB,RO,1119
IL,UA,892
CH,ZA,160
IL,IT,214
IN,NP,290
BE,DK,118
BE,DZ,109
BR,PL,289
GR,IL,117
SG,TZ,102
CN,IE,124
AD,US,122
AF,RO,111
DE,PE,105
CN,JP,5901
KZ,PK,219
DK,PT,103
ET,NG,127
HN,MX,102
CH,KH,200
BE,EG,103
AL,IT,110
RS,VN,135
PT,SI,131
FI,IT,140
DE,KR,236
MX,NG,104
CO,CR,102
CA,ZA,135
NG,RW,105
NI,PE,134
DE,JO,106
CY,PL,107
AR,IT,101
FR,MM,107
LU,PT,113
HU,SI,110
AU,CM,128
KH,US,105
BG,GB,363
BG,SI,343
MY,UA,112
FR,HU,196
DK,US,1845
BE,KW,112
HK,US,6215
GB,NL,6457
PT,RU,143
CH,US,8136
GB,JO,116
CZ,UA,315
DE,MK,117
GB,IE,1809
BE,JP,105
PH,SG,216
HK,RU,452
DK,LT,110
AE,BR,101
KH,TH,160
DK,RO,165
GR,RO,114
HK,RS,116
GB,RE,108
AU,EG,111
NL,NZ,208
DE,PA,113
CL,FR,103
AR,PK,101
RU,ZA,124
FI,RU,1902
CA,IE,125
RU,VN,133
EE,TR,104
AD,ES,106
PL,TR,107
BG,IT,108
IL,TH,133
FR,TN,794
FI,LT,112
BO,FR,128
CA,MD,102
ET,US,196
GR,HR,105
PT,SG,115
FR,UY,112
HU,TR,103
LC,US,116
GB,HR,212
BB,CA,118
CH,CL,109
RO,VN,103
FR,PH,105
BD,IN,216
BO,NL,106
ES,RS,118
GB,LB,130
DK,SG,106
BO,DE,122
AR,VN,116
GH,NG,110
KG,LT,138
GH,US,155
CM,IN,103
BY,PA,142
HU,KR,174
PK,RO,102
BY,SK,104
CA,US,40238
AR,PL,103
CY,EE,204
IN,SV,139
ES,SG,101
CO,VE,170
DO,GB,170
AT,IE,109
ES,MZ,110
MY,VN,102
KR,MX,127
ES,ID,105
HK,IN,798
BE,NO,105
AO,ZA,103
PS,US,117
NL,TN,103
AT,NG,113
AR,UG,193
GB,IR,356
AT,RU,289
HU,NO,199
AU,PH,167
GB,NO,1972
CZ,NZ,108
FR,RU,2596
JE,SE,237
CA,CM,101
KE,UG,102
AM,RU,152
EE,FR,111
NO,PK,118
DE,DO,113
CY,US,131
KE,TR,101
AU,BA,101
MA,ZA,107
EG,US,378
NO,PL,859
JP,PK,104
AT,HK,106
AT,KR,300
NP,UA,119
DZ,HU,110
NO,PH,122
AE,IT,102
DE,NZ,488
BO,BR,101
TR,TW,124
NO,SE,1271
BH,US,110
FR,UG,102
DK,UY,108
HK,ME,110
CA,KG,200
NL,ZA,288
IL,IR,105
EG,IN,117
AE,BY,139
SG,TH,126
TH,VN,130
LV,RU,146
AR,PH,102
IR,JP,101
AR,SG,127
CA,ES,1151
EE,NO,101
HT,NG,124
AT,NL,680
MY,RU,105
LV,PL,129
BR,LV,101
KR,TR,102
ES,IL,138
CO,HK,139
ME,TR,142
IT,PK,102
BH,GB,131
BE,BY,119
AL,RS,137
IT,MT,111
IL,IN,964
BR,IN,1123
IE,TR,121
CZ,LV,129
CN,HK,20467
HU,IL,178
CA,DE,6557
CR,SV,156
DE,MD,102
GH,IT,103
IL,LT,144
NG,PH,107
AM,IR,117
LK,VE,129
CA,LK,104
UA,VN,119
IS,NO,102
AR,LK,120
GB,MT,117
BJ,US,144
CY,NO,111
GB,KZ,102
CA,EG,109
LK,TH,107
NL,UA,1473
AU,KR,128
BR,US,6397
DE,SA,102
GB,JE,115
HU,NL,143
FR,IS,101
CY,RO,113
GB,TZ,109
PK,VN,107
CN,KR,465
CM,IT,116
DE,ZA,609
DK,SE,1043
CO,MX,745
AE,RU,112
GB,NP,113
IT,SE,451
BY,CH,107
BE,ES,1106
MY,TH,102
CZ,PE,104
ID,TW,104
ES,FR,3316
GR,VN,115
CL,MY,108
CZ,PL,662
CA,DK,267
CA,OM,113
JO,KE,144
TW,VN,101
LK,NO,181
SG,ZA,166
CA,MY,101
GR,IN,105
FR,NG,117
CA,ID,117
GE,RU,150
BE,US,2016
GH,SG,263
MT,RO,146
AM,PT,102
PL,UZ,116
AU,CA,2252
AE,SG,104
MG,NG,242
AD,DE,112
BM,CH,274
EE,UA,128
FI,MY,138
KG,RU,121
MX,US,3300
ID,RU,129
CH,KR,117
CO,MT,118
IE,PT,106
IQ,US,105
SE,SI,107
AL,US,124
AT,GR,103
DJ,SN,168
ER,ET,103
AT,LV,105
EG,TR,101
AR,EC,110
MX,RU,106
CN,CZ,134
BR,IT,603
CA,CY,103
KG,US,114
CN,IN,307
CN,HU,103
LV,NL,116
PL,UG,122
CA,CU,101
AT,GB,899
DE,TR,897
BD,SG,104
DK,FR,568
IN,IT,1061
IS,SE,127
DK,ES,111
PL,PT,108
ES,VE,153
KR,VN,118
BD,US,404
HR,NO,113
BE,PE,115
BR,KE,130
EE,SK,121
BE,PT,154
IL,ZM,137
NG,ZW,112
GB,KH,105
FR,NZ,226
TW,US,2070
IN,MX,164
ID,VN,109
AU,LA,148
BY,KZ,101
HR,IL,118
CH,MY,105
JP,NG,174
HU,TH,132
CL,ES,115
EG,JP,464
IL,RU,748
IE,RO,101
CN,PH,109
BG,US,1232
BE,HK,105
BG,TR,117
NL,PH,125
PH,VN,130
BR,CH,215
ES,RO,112
BE,PK,116
EG,MA,109
AU,MT,107
EG,IT,103
PA,RU,115
GB,PL,4009
AR,MX,133
CA,SK,115
IN,IR,151
ID,PK,107
CH,NG,103
CA,JO,161
CA,KR,294
AE,CA,119
FR,RE,179
MA,TN,137
ID,LV,110
HK,VE,136
KE,RW,127
AE,AU,119
CD,RW,108
BA,DE,108
GE,LT,145
AT,EG,126
GB,IS,106
DK,IL,101
CH,IL,104
CR,JP,123
DK,IE,104
MA,UA,106
FR,NP,113
CR,DE,133
IN,PT,191
CO,NG,104
KW,PK,106
FR,KE,105
NO,NZ,109
AU,TR,114
BR,MT,111
AU,BD,111
AU,PE,130
SG,US,4262
CH,IT,1725
CU,PL,202
AT,ZA,110
SE,UA,358
EE,LV,104
AU,PT,105
DE,EG,290
CL,IN,101
GE,ZA,107
BG,HR,108
EG,IQ,137
BE,CL,104
ET,RW,160
BY,CA,137
US,ZM,109
IT,PR,106
ID,MX,104
NL,UG,105
AM,NL,265
IL,NO,117
SR,US,121
CO,ES,426
AU,CR,148
MX,UG,104
PH,PT,110
GR,RS,101
GB,IT,2792
ES,PT,374
ES,PL,733
IN,NG,247
AF,US,261
EG,KW,103
IL,SK,117
BE,MT,156
NG,RS,110
CA,RS,107
EE,IN,155
DE,EE,354
CZ,PT,123
IS,NL,106
AT,JP,102
KE,US,675
TL,US,420
PK,SE,105
CN,MO,117
CO,HN,108
IT,TR,109
AL,FR,106
CA,RU,1464
FI,NO,460
CR,PA,126
US,UZ,136
MT,ZA,101
AM,VN,158
CZ,ES,560
ES,US,7976
CU,MX,108
IL,SI,104
BA,ES,120
AE,IN,560
HK,RO,123
BR,MA,106
KR,SG,136
BA,RU,111
GB,NZ,541
IN,VN,102
NZ,TH,102
IS,RU,117
AT,BE,128
RW,UG,103
NL,NO,804
AR,CA,391
MZ,ZA,186
BA,IL,102
AU,GR,119
KR,ZA,252
FR,JO,104
NG,TR,108
FI,KR,125
CN,SG,2857
MD,US,113
LV,UA,125
IN,MT,134
FR,MC,104
CZ,HU,103
FR,PE,101
DE,LV,392
CZ,FI,232
BG,UA,123
BH,SA,120
SE,ZA,117
CY,NL,105
BB,JP,112
FR,SY,105
AU,ID,209
GB,HK,927
IN,QA,104
CL,UY,144
RO,SK,323
AU,IL,218
FI,NZ,104
LU,UA,105
IE,IL,103
BM,GB,109
CZ,EG,216
GT,VE,128
FI,SG,131
BA,GB,105
JP,TH,107
GR,SK,119
HR,PT,106
NC,UA,113
IR,RU,112
TT,ZA,106
SE,VN,114
AT,CZ,222
JE,US,147
FR,VE,111
CN,VN,110
IE,JP,125
HU,PH,110
PE,VE,105
GB,UY,117
BY,PK,111
FR,SI,102
BR,UG,109
DE,PT,1051
IL,MU,124
BE,TH,186
GH,KE,128
CY,NG,104
AF,CA,266
AL,MD,183
CN,UA,102
GE,PL,224
EG,MY,121
AR,OM,157
FI,UY,105
CO,PA,109
LT,VG,138
BN,MY,135
CN,NO,103
KR,LA,122
IL,NZ,106
BE,NL,2212
DE,HU,746
IN,UA,566
BD,DE,116
AE,LK,116
FR,MG,123
PY,UA,328
SC,US,102
LK,SE,101
KW,NG,143
CO,SV,102
ES,IN,1202
DE,SK,316
GB,RW,103
BY,NO,280
AZ,IL,215
IR,PL,141
ES,KW,107
BO,CL,153
AL,RO,130
CH,GE,107
CH,RO,134
MD,SE,105
SO,US,105
ES,LU,103
DE,PF,138
HK,MO,105
BW,ZA,130
AU,MM,101
FR,GE,128
ME,PL,120
MX,PK,138
AU,LT,101
HR,LT,118
BA,BG,107
ID,SE,105
EE,IL,101
PH,PL,160
US,VU,186
IE,PH,107
RU,SE,807
AU,ES,585
IL,PH,134
CY,TR,110
EE,ME,153
AU,HR,105
AE,BG,114
SG,TR,113
TR,UG,138
ES,IR,134
IE,KE,138
AE,PH,104
ID,IE,103
DO,NL,102
GH,PT,101
HK,TW,569
CN,DE,1237
AL,BE,105
AE,GB,106
ES,HT,203
AR,PE,136
JP,VE,118
BD,CN,131
MW,TZ,115
BE,MA,107
KE,SG,114
AE,NG,114
BR,NL,969
ID,PH,114
CD,GB,204
BR,EC,123
DE,LU,224
DE,SE,4566
ID,SG,685
SA,US,137
CN,ES,105
ES,MY,105
CZ,IR,133
LT,NO,126
IN,TW,151
JP,KZ,111
AU,IN,1555
BG,IE,105
DE,KN,165
PY,US,110
KE,MX,133
AR,BE,102
SG,TW,136
CN,FI,121
BD,ID,107
MG,US,115
FM,US,121
ID,NL,117
NG,ZM,111
GB,PK,159
CA,FI,378
IT,SK,107
NG,NP,106
EC,FR,112
ML,RU,123
HU,IT,104
GE,UA,130
HR,SI,120
MX,SI,115
ID,PL,101
ES,TW,121
MV,US,126
JP,SA,103
HK,JP,2170
GR,RU,141
BD,FI,108
GR,NO,106
CR,NL,150
BO,ES,108
DZ,US,103
EE,JP,117
PL,SG,106
EG,SY,130
ET,UZ,111
AU,HK,903
AL,AT,157
UA,UZ,102
BE,SA,223
CY,IN,108
BG,SG,141
CM,DE,107
GH,ZM,138
AR,GB,494
BY,RO,125
AM,CY,210
AE,TR,103
LK,PK,143
SI,VN,136
AM,UA,122
NG,SE,119
AU,KZ,142
DK,LV,101
CA,UA,980
CL,NG,120
CA,KW,108
IT,PH,122
DK,MA,119
GB,ZW,116
BG,RO,107
BG,EG,127
CH,SI,108
IR,LV,148
CH,NC,142
MX,TW,111
BG,PT,132
CY,GE,138
AE,ES,105
CO,EG,118
IT,SM,112
JP,RO,101
PL,UY,102
BE,VN,120
CL,IL,111
AU,IT,331
EE,RW,108
AU,FM,162
JO,KW,104
GB,MO,104
DK,PL,329
BY,LU,193
HU,SK,127
BY,HU,129
GE,RO,197
NL,RS,201
IL,KH,173
AU,MK,127
LT,SE,112
EE,MY,118
EE,HR,114
CD,US,105
CO,UY,108
FR,MU,142
CI,TG,169
MN,RU,102
HU,PA,508
RO,SE,143
ID,RO,101
ES,IS,107
EU,MZ,110
BE,NP,105
AE,CZ,101
DE,PL,4404
DE,HK,567
GR,SI,114
IN,PE,113
PK,RU,129
NI,SV,124
NO,PT,125
CN,NG,106
AR,AT,107
CW,IN,129
BD,HK,105
AL,XK,203
ES,SV,114
MK,PL,132
CN,DK,104
AE,VN,460
IE,NG,114
ET,ZM,171
DE,VE,115
CY,GR,115
IE,IS,172
HK,UG,225
BH,DE,106
HU,UY,171
SG,VE,121
BR,DO,107
EG,SE,106
IL,PK,107
CA,TH,125
MO,US,104
CA,SI,101
PL,SI,101
AL,NZ,135
AT,PK,102
GE,SK,173
GB,QA,109
CH,NO,150
BA,PL,149
PK,UG,101
NZ,RS,125
CR,NI,110
CN,ZA,113
EG,SA,142
BD,BR,105
BG,SK,159
CZ,IL,200
IN,RS,128
BS,NL,115
BG,HU,110
CO,IT,110
BB,GB,180
AR,HR,109
CZ,DO,117
GE,NL,196
CN,MX,136
PH,US,1105
FR,LK,120
BM,CA,104
DE,ZM,290
GB,GT,126
CZ,HK,106
LU,US,115
KE,MU,155
FI,IE,110
RO,SA,107
GB,PS,138
EC,ET,101
AR,SE,102
RU,VE,101
CR,PE,108
AR,BY,130
BG,CL,103
KH,RU,111
IN,LT,123
PT,SV,514
AE,KW,149
AR,SV,113
BD,CA,107
RO,UG,598
US,ZW,110
KY,US,144
ES,MA,114
IN,RO,977
GB,PT,1032
BE,IL,101
TZ,US,110
NG,PK,102
GT,MX,105
GP,US,266
BY,DE,486
CD,CG,109
PK,RS,120
AR,BB,132
IL,KR,107
MX,PL,124
AR,IS,117
IN,KE,181
KZ,NL,114
PK,PL,107
EG,VN,128
AR,UA,152
KZ,UA,103
BG,SE,109
NL,NP,112
CH,RU,508
BR,PR,138
BY,JP,108
KR,UA,116
AR,LT,134
BR,HU,118
AU,UY,282
AR,CY,119
PF,US,202
BG,CN,161
BY,NZ,110
EG,IL,168
DE,IS,103
BA,IT,110
JP,SI,127
CM,MX,113
MQ,NL,123
KH,SG,108
PK,PT,129
BY,IE,104
CH,NP,108
DE,PY,133
AL,GB,101
SV,TT,169
JP,ZA,159
DO,NG,155
IQ,LB,144
HK,SI,105
FI,IL,101
PS,RU,108
IT,NL,2080
EG,PL,107
FR,GN,127
GD,TT,131
BE,EE,154
CH,LV,117
DE,UZ,111
AR,PT,111
CF,US,126
NO,TN,308
CA,ME,211
CV,DE,110
AZ,US,150
EE,HK,209
FI,SK,137
DO,MX,106
CA,KH,117
LB,SA,103
AU,TZ,109
GT,KR,111
IN,PY,188
IQ,NO,439
BN,US,275
BY,SE,104
IN,ME,135
IE,NZ,103
EG,PK,102
RW,ZM,151
NO,SK,112
BY,LT,106
MX,RS,153
ID,SI,235
CZ,HR,102
LT,VN,114
AR,IL,109
NO,PS,135
MV,PK,123
AE,AM,116
LK,VN,112
GH,RU,109
BE,SI,142
HK,MA,109
BR,TW,123
DK,PK,130
CH,ET,129
LT,LV,106
CN,MA,186
BR,TH,102
IQ,PK,138
EC,IR,134
AF,NG,123
AM,FR,106
PH,UA,102
CM,UA,114
AU,CL,101
HK,MK,107
KZ,US,105
TJ,US,182
CI,TR,112
AL,IE,113
AR,BO,107
AU,CY,161
AU,UZ,124
HK,TH,108
FI,IR,101
MD,PL,105
GR,HU,105
DM,JM,566
HK,NO,102
MY,PH,115
AO,BR,142
HK,IE,103
DE,SN,137
ID,JO,136
LV,SE,101
IE,LV,101
PL,ZA,104
EG,FI,101
RU,UY,124
CZ,LU,101
MK,SI,101
CL,EG,119
CL,NO,112
BG,PH,137
CH,HR,103
SV,VE,157
CI,FR,103
FI,RS,132
CH,NI,173
MV,MY,163
AR,TW,118
IE,MX,118
SA,TR,145
CR,RU,141
CD,UA,165
CA,ZW,158
QA,US,108
FI,SI,103
IT,TH,111
DE,RW,112
LK,RU,156
BE,SK,102
KR,UZ,105
AR,HK,103
MX,VN,118
AE,KR,129
AU,KE,101
AR,MV,110
DE,ME,116
BG,GR,105
CU,FR,136
KR,LK,137
IR,TW,109
PL,PS,105
BD,GR,103
CH,MG,485
PL,TW,104
CR,IT,120
AT,BA,107
EE,IE,104
MT,SG,104
NG,PL,126
FR,GP,103
SA,TN,270
DO,RO,112
AE,PR,146
CZ,US,4661
TR,ZA,113
SE,TW,111
BR,ZA,126
MX,ZA,108
EE,ZA,163
AL,CH,114
CN,SC,120
BE,LT,102
NZ,UA,109
FI,TH,106
KG,PL,113
HR,HU,124
KR,NP,156
TH,VE,155
CN,LK,107
NO,PE,205
BY,RS,139
PE,RU,104
ES,PK,107
HU,LT,110
GB,PY,101
CA,MT,111
CO,IE,110
MK,SG,163
KR,NO,105
CY,JP,144
MX,RO,108
NZ,SK,118
HU,YE,130
BO,CA,106
MX,PT,111
IT,LU,102
AU,SA,115
CD,TN,133
HN,UG,106
EE,LK,129
KR,TH,113
CH,IM,212
JO,PT,135
BA,NL,127
ES,GI,125
PH,TW,199
HU,LB,146
BE,JO,136
FI,MU,140
HK,PT,110
NG,TZ,158
CL,SV,116
AE,CO,105
BG,CY,264
AT,CM,282
DZ,UA,149
NO,RW,121
AR,HN,193
GE,HK,103
IL,ME,161
DE,SY,102
CZ,PK,134
BD,CM,185
KE,SI,103
AG,US,119
AE,NO,102
IS,PL,106
PF,PL,116
HK,IR,157
AR,MT,362
IS,RS,125
NP,SG,101
GH,RW,114
GE,IN,108
NG,RO,104
CZ,NP,106
AT,SA,160
AR,GE,149
CL,NL,103
IL,LV,446
EC,EG,105
BE,MX,115
PE,UA,119
AT,BY,146
PS,TR,180
MC,US,127
GT,HN,101
BY,EG,123
AM,BR,130
AE,RO,108
PK,ZA,117
CA,UG,113
AM,RS,106
CA,PA,106
RS,SI,184
IT,TN,122
RW,ZA,114
IT,KR,104
NZ,VN,124
KG,SE,105
HU,MD,113
GB,SY,120
BE,SN,172
BF,RU,269
GR,NG,113
TN,ZA,134
EE,EG,238
AR,EG,117
RO,TN,194
BE,ID,117
EU,MV,104
GB,KG,124
CZ,ZA,146
BH,NL,112
CN,IT,136
IN,LV,112
FR,MO,121
GR,JP,108
IR,IT,108
GR,MX,130
JP,LK,111
NL,VE,104
IN,NI,171
CH,UY,103
CL,HK,115
AW,US,115
GB,SD,140
MT,NL,114
IT,LC,133
MX,UY,114
ES,LK,101
NL,nan,110
DK,WS,104
GU,US,104
AR,MC,173
SY,US,115
AU,TT,119
CR,IN,111
AT,HR,108
IN,MK,123
MX,NZ,229
NO,SG,102
BD,MY,104
ES,RE,179
DO,SG,155
DE,RE,116
BE,GP,116
ID,NZ,144
IM,IN,134
BA,SE,127
CO,PK,115
RS,ZA,103
AT,VN,269
KG,TW,188
GE,HR,155
CA,JE,115
CR,FR,126
EC,NL,345
KE,NZ,382
HU,IN,118
EG,ID,490
NL,UZ,102
NG,VE,167
JO,TR,109
DK,VN,104
DE,IL,2725
GB,IM,119
OM,US,104
CH,TN,236
EC,MG,123
GR,PH,276
AM,FI,194
HR,NG,127
BJ,MA,166
US,VI,130
CY,VN,107
CU,NL,155
EE,GR,149
ID,US,970
AL,ES,107
JP,LU,242
CN,PT,118
MY,NZ,137
CA,IL,347
SE,TZ,167
BY,MY,125
AU,AW,111
MV,NL,104
AM,JP,205
CR,RO,253
DZ,PK,117
AT,LT,114
MV,UA,118
KZ,UZ,145
CH,PA,134
HR,RO,117
HU,VN,105
HU,SR,107
GB,OM,121
VN,ZA,145
BA,UA,264
AX,FI,110
AZ,EG,113
AM,CA,104
CL,TH,160
LU,MD,154
BE,LV,112
CR,UY,127
BE,PH,486
AR,GT,106
BE,EC,125
TW,VE,207
BO,PE,285
NG,SI,317
AE,NP,119
AL,PL,138
CZ,NG,129
BM,SE,102
MT,PT,172
LA,TR,199
LU,RO,108
DE,MU,160
CH,LB,105
PK,RW,114
CI,NG,198
DK,HK,101
KE,SN,131
BH,DK,110
SZ,US,245
GR,LV,141
IE,UY,102
CH,KE,138
TH,TW,102
CI,DE,139
FR,MT,175
FR,TG,134
IN,PR,101
BG,MD,116
RU,UG,124
FI,MD,178
ID,RS,173
EC,GR,143
BY,PT,138
TR,TZ,104
IR,ZA,298
HR,TW,105
PE,UY,128
CY,ES,112
GR,ID,159
GE,MD,105
BS,SE,231
ET,MA,101
AR,ET,111
BR,NP,112
CO,PY,103
LU,TR,149
DK,HU,120
TZ,ZA,128
LC,RO,105
NP,NZ,104
DE,KG,121
EG,HU,102
CH,ZW,158
IT,MY,104
BG,PY,109
CA,LU,105
ES,UG,131
IQ,RU,146
BR,HR,114
NZ,UY,105
GR,HK,107
ES,KZ,123
CH,LI,106
AT,NZ,115
MT,PF,119
BG,IR,119
IL,MD,148
AT,TN,200
BO,UY,105
ET,JP,101
FI,MX,111
HK,LK,107
AU,IR,103
CH,PH,125
EE,GE,102
IN,MG,114
CN,EG,111
AO,IN,200
GH,UG,110
ME,TH,125
MM,NG,106
DE,KH,107
EC,KR,142
SD,ZA,118
AL,ME,104
KR,KZ,102
GD,US,134
HU,ID,125
KE,PL,113
GN,IN,173
AX,NL,158
BI,FR,162
GI,US,296
BY,FI,109
GT,UA,104
MX,SV,103
LT,TR,111
AF,IR,235
LK,RS,136
LV,SK,103
CO,DZ,122
CL,IE,113
ID,KE,110
KE,ZW,113
BD,PT,103
IN,VE,114
AM,EE,180
IL,RW,136
IL,NP,108
ES,MD,102
GR,TW,113
BG,TN,279
GB,UZ,121
LT,SG,246
NO,TW,140
JO,PS,111
BG,TT,151
AT,BG,108
AE,AT,108
CY,KG,118
AT,CO,112
HK,SC,105
CN,KZ,112
SI,UA,135
GA,IN,158
AE,NZ,171
CR,NO,107
ES,PA,106
AM,ES,108
OM,RO,102
LT,RO,117
SE,UG,109
SI,TH,200
EE,UY,209
BY,DO,102
EC,ID,154
QA,SG,168
DO,VE,116
DO,HT,124
HU,JP,118
PT,VE,107
RS,UA,144
BA,CY,115
CO,CY,243
ES,KH,111
BO,DO,127
GR,MO,152
BE,MV,185
AD,BE,110
FR,ML,233
CY,PK,254
PL,TZ,103
HK,MX,104
CN,EE,111
MY,PK,131
NI,PA,106
DE,SC,106
CI,US,199
ES,MM,133
ER,US,136
GH,TR,105
MX,NI,125
BG,GE,258
SE,SK,112
IN,LR,211
ID,KR,103
MD,RS,152
PH,RO,110
BA,SI,106
NG,TN,106
HN,IN,311
PA,UA,132
US,WS,160
GU,PH,132
GB,NE,106
AM,SE,314
BR,IS,153
LY,US,233
EG,UG,122
AM,CZ,108
CY,KR,111
BR,ET,111
AE,SY,115
BR,HN,102
AU,MA,103
MY,PL,103
EG,MX,176
BH,MA,108
CY,RS,165
DZ,ES,142
DZ,SA,130
NO,VN,166
BE,KR,116
EE,MA,121
BR,MY,110
BY,MX,122
GB,SV,300
KR,PE,108
GP,NO,105
AE,LB,112
GR,IE,108
BR,EG,107
JO,NL,102
GE,SE,105
AL,IN,108
NZ,PK,128
IT,NI,139
JM,NG,1122
ES,MT,101
DK,UG,132
AR,CN,108
US,nan,117
CO,JP,158
JE,NL,109
KZ,PT,348
AR,KR,177
GM,IN,244
AE,SM,126
EG,RS,243
AM,ID,109
GR,MT,131
KH,VN,142
MT,NO,118
IQ,TR,112
BR,KZ,101
AU,VE,101
HU,TN,264
NZ,ZA,102
KH,KR,188
PH,QA,123
GE,HU,104
ME,ZA,274
CH,CR,152
JO,PK,131
BY,TH,121
AU,KY,125
KR,MN,106
DO,ID,156
ME,NG,157
CA,EC,106
BA,NZ,121
LU,SE,264
JO,PL,104
KN,US,404
SC,VE,267
BA,BY,229
FI,PK,118
CN,ID,104
AR,MD,108
IR,NO,114
CZ,ID,149
GN,JP,280
NZ,PE,192
EC,RW,781
AD,FR,115
BD,NO,160
GB,YE,119
CO,LB,206
LB,NL,190
AT,SG,101
BY,LK,141
CO,FI,138
SC,ZA,112
GE,UZ,111
EG,RW,199
SA,ZA,192
GB,GI,147
CH,IS,159
BS,DK,155
EG,IR,150
IT,JO,102
BR,SV,114
HR,ZA,159
BA,SK,220
KR,SI,125
AM,NZ,218
AE,HU,103
BZ,IN,480
CZ,JO,108
BY,KG,127
FR,GF,113
CA,TN,112
AR,PR,111
CL,TR,190
AU,IS,198
ET,UG,101
IN,MW,115
ES,OM,193
BY,OM,119
IR,NZ,105
MA,NO,128
CH,GI,179
AZ,DE,104
MN,SE,219
CY,IR,151
DK,PH,159
BD,NZ,104
IN,KH,107
AU,PR,101
BD,RO,103
KZ,SG,158
CZ,KZ,169
DJ,US,152
CO,LV,515
CU,EC,341
FR,NC,106
AE,CN,112
CN,MU,141
AE,KZ,109
LB,RU,158
AE,LV,123
JO,SA,287
KE,LR,173
IL,NG,154
BE,LB,118
CR,NG,148
BR,MD,102
PE,PK,111
IN,KG,280
EC,PT,263
PT,UZ,117
FR,MQ,122
RO,SC,114
CN,RO,116
BA,IE,244
SG,UY,142
TR,YE,179
IR,MY,102
AE,PS,108
CA,DZ,148
MT,SK,493
DO,PE,107
GB,PR,112
MK,SE,104
EC,FI,125
GB,VE,108
NG,UA,106
CY,SE,110
BY,HR,104
BY,MK,160
IE,TH,134
MK,NO,182
HN,KR,125
ES,QA,105
GT,VN,102
MX,TH,161
AL,AU,243
ES,PR,1065
CR,TR,235
MT,RU,105
IE,TW,102
BW,LS,145
DO,UA,133
BA,FR,118
LK,PT,169
KG,UA,112
PT,SK,119
AU,PA,123
HU,MX,166
BG,VN,111
GH,IE,134
IM,UA,143
FI,LB,112
BR,IR,103
KE,TG,142
BE,GE,118
AM,CH,166
IN,IS,275
EE,LU,153
KG,NL,112
FR,GT,108
DK,KR,148
BG,KE,102
BE,IR,114
CO,SG,365
AE,BD,116
MV,PL,178
AM,IT,118
NO,RS,118
GT,PT,104
BD,PH,107
MM,TW,108
AR,IE,108
FR,IQ,134
NC,PT,115
GE,GR,147
DZ,RU,102
IL,IS,181
CR,GT,120
SG,SI,111
AZ,GB,108
CA,MW,166
CO,MK,124
KE,VN,123
BG,LV,282
LU,NZ,102
IN,PS,199
AL,NO,272
RU,SA,101
JM,ZA,105
BE,ME,243
HR,SK,103
FR,VI,112
EE,RS,181
GN,US,118
IL,XK,125
MG,TH,165
MG,NL,312
AM,AU,188
BY,HK,206
IL,MT,107
GI,IL,151
IL,UZ,106
KZ,TW,115
CL,ZA,253
MA,VE,140
DE,IM,103
ES,GT,140
CA,MZ,159
AU,GE,105
FI,ID,175
BY,SI,116
LT,UZ,132
IT,SA,183
MA,RO,110
GR,LT,106
AO,PT,150
IT,KZ,112
CL,ID,139
DZ,MX,117
CI,SN,116
CM,ZM,115
DZ,TR,127
AM,AZ,107
DK,TW,103
PE,SG,178
MW,NG,122
DE,GT,181
KE,MZ,101
IL,PA,152
LS,ZA,144
HR,TH,126
MK,RU,110
JP,RS,144
FI,ZA,303
GB,GG,196
AE,RW,104
BE,GH,183
BY,PE,116
TC,TT,140
AZ,IN,118
NL,TZ,115
BD,UA,152
AE,CY,108
IQ,KW,131
AU,LV,203
BE,PS,127
AE,TW,125
IN,TZ,185
CD,NG,158
ES,TN,170
HT,US,151
CN,CR,113
MY,SA,142
NI,PT,188
IN,ZM,149
AT,IR,104
AE,HR,118
PH,SK,166
GM,RW,168
CA,HN,353
HR,PK,223
CU,GB,101
KE,SO,148
CR,EC,154
ES,PS,124
MW,US,147
BG,FI,129
DZ,NG,194
GE,LK,382
GH,PK,128
CO,KE,123
EE,MT,145
DE,KW,157
EG,NP,122
LV,NZ,110
IN,ML,247
BY,GR,181
CI,GH,129
DE,SL,133
DE,KY,130
BQ,US,105
CO,RO,139
BY,MD,221
SI,SK,115
SN,UG,125
AL,TR,107
MK,RS,115
CO,MA,109
EC,UG,111
BR,SA,119
CY,SK,107
NL,RW,307
IL,UY,197
ES,JO,137
BE,RW,108
GF,IT,123
RS,UG,249
BR,TN,155
RU,SC,117
GT,IN,116
TR,UZ,139
DE,PS,140
MU,ZA,120
AM,BE,125
FR,JE,117
BD,VN,108
BA,CH,187
AT,BN,112
FR,MR,103
ME,PE,324
DZ,MY,118
CM,KE,132
AR,SK,133
EU,ZW,209
HK,MU,185
BA,EE,101
PA,PE,135
EG,LV,140
AE,DO,180
CO,ET,135
IL,MY,132
OM,TR,136
QA,SY,118
GB,MM,115
CM,PT,162
AT,PA,101
AU,LB,251
JP,KE,117
IE,MT,114
AE,LT,129
FR,SA,108
AD,BR,353
UA,VE,129
DE,OM,137
GE,KZ,520
NP,TZ,104
KE,UZ,137
EU,VG,138
BG,MX,390
BR,HT,108
IT,PE,128
MG,PL,116
BA,HK,104
GD,NG,105
CL,UG,102
AI,US,123
NP,PL,287
CA,GP,217
IQ,YE,445
DE,ZW,209
CA,PS,171
BR,LU,138
HK,MD,131
KE,SY,127
MC,RU,339
BG,ZA,119
AM,MX,198
RO,SI,241
PH,SA,104
EC,SA,101
HK,NP,127
MD,TR,104
CH,GH,284
IR,SK,178
NL,TJ,149
EG,RO,114
BD,ES,103
IL,KE,191
CY,IT,122
AU,DO,293
DZ,EG,236
ES,TZ,152
CI,TN,142
AU,LU,139
MY,SI,101
BB,CH,250
DK,ID,125
LK,PH,225
FR,TZ,127
BI,EU,162
MT,SE,129
GB,LA,136
BG,NG,134
FI,TW,216
LU,NO,148
FI,JO,167
AM,BG,167
AM,UZ,359
MX,PY,144
IT,LA,165
SA,YE,175
AT,CY,150
ES,LA,136
KE,PT,154
CH,JO,116
SY,TR,127
GR,MA,123
GB,ZM,104
AG,JM,127
AE,AR,126
CA,JM,118
ML,NG,117
AE,AF,363
CL,CR,122
EE,VN,144
MN,NL,180
CY,SG,109
BE,KE,110
HN,PY,180
HR,VN,110
CO,UG,155
LT,NG,121
GM,MA,759
KE,NP,339
SK,TH,175
MG,MU,101
CZ,KR,210
BR,SK,133
GL,NO,103
ES,NP,113
IT,UG,128
CO,LT,172
GN,ML,111
KE,RU,328
DE,JE,168
BE,UY,111
AW,DE,136
IL,UG,125
TC,US,103
CY,FI,144
BE,SY,199
DO,MA,113
AT,ID,119
KZ,LT,187
NG,SN,113
AT,TH,103
CZ,IS,162
CO,HU,189
KR,PS,188
JP,MN,177
EG,PT,163
BW,US,199
BE,IS,108
IT,MD,168
AZ,CN,111
IN,KY,128
NL,OM,118
GT,IT,106
CH,RE,101
AL,CZ,104
AU,JE,104
AW,NL,396
BO,CH,330
GT,JP,108
CZ,KG,207
IQ,ZA,161
ET,HR,146
UG,ZA,130
MY,NO,232
IL,VE,101
DO,RU,105
CH,HN,101
AM,NO,117
KH,PK,626
CO,NO,315
GE,NG,110
LK,UA,300
GE,LV,102
CA,TT,127
LV,PT,239
BR,QA,112
NG,UZ,130
HU,SG,119
CA,XK,108
EC,IE,119
AE,DK,105
CA,MG,109
BD,CO,109
KZ,TH,138
EG,HK,152
CH,PF,130
MA,SE,129
AE,EE,607
MO,RU,133
FI,PE,101
BY,ZA,594
UA,UY,251
SD,US,229
CZ,ME,221
BD,KR,155
DK,FO,104
KR,PR,142
IE,KR,117
ME,NL,183
CL,SE,111
GE,NO,108
HN,PE,422
CN,KH,156
HR,MK,132
DE,QA,172
JE,PT,481
MM,TH,118
DZ,PL,109
BG,PK,145
AT,BD,166
IT,SN,130
TZ,UA,171
MD,TJ,156
FR,RW,151
BS,GB,150
EG,ET,131
SA,UY,102
US,XK,141
GB,IQ,113
DE,GI,104
MU,RE,119
KE,nan,129
BY,TZ,127
IM,NO,107
EC,IT,248
LB,SY,208
CA,MK,191
ID,UZ,186
BE,KH,314
HR,MX,117
FR,UZ,126
FI,LU,129
CH,CU,116
GR,LU,101
AR,TH,102
AZ,PH,190
JO,LB,290
EG,KG,139
BD,LT,115
HK,MT,142
AZ,CA,173
LU,LV,149
AL,TZ,115
DE,MN,105
AU,TO,240
EE,SI,108
BE,CO,364
NG,SD,127
BR,SY,441
CN,IS,102
CL,CU,137
GB,PA,136
IR,MA,108
BG,EE,114
SA,SG,193
FR,PR,156
NZ,SI,155
BZ,GB,184
SG,SK,118
AM,KG,114
CO,TW,106
AF,KE,197
ES,GH,225
ET,MX,112
AF,PT,144
AO,US,184
CA,SC,121
BA,FI,124
FI,GI,236
AZ,ZW,150
AT,ME,109
EC,KE,101
IR,LT,322
AE,VE,112
HK,ZA,123
PK,UZ,101
ID,NI,374
CU,DO,109
CM,GB,157
AU,ZW,163
EC,JO,106
CH,GT,153
JP,YE,136
CD,CM,140
BY,VN,106
EE,KG,138
CH,TZ,116
IR,VN,107
QA,SE,197
AR,MK,194
HR,LU,233
CA,TJ,166
CH,SV,156
AM,AO,114
TR,XK,118
AZ,ZA,1111
GY,RU,299
ID,LT,202
KR,PT,123
CH,IQ,107
BD,IT,158
KE,PA,150
ET,TZ,161
CA,PR,115
MK,UA,126
CR,UA,133
JP,RW,149
BJ,CH,111
GB,TT,127
BD,BE,223
EE,NG,113
BR,LK,312
KE,UA,136
GE,PK,163
BS,UA,324
KE,MR,114
DZ,HR,181
BO,VE,113
AM,MA,132
ID,IR,103
IN,JO,106
PK,SV,511
JM,PK,273
AT,KG,135
BR,LB,141
CI,PT,158
DK,GH,136
BD,NP,119
KE,KZ,112
UZ,VN,256
IL,TT,119
HU,TW,231
NG,SL,127
IN,MZ,129
FJ,IN,236
HR,NZ,188
IE,VN,163
AE,QA,195
NP,PY,149
DE,HN,126
FR,PA,108
BD,TZ,159
KR,SK,136
CA,DM,168
BA,CZ,104
LK,NP,207
CZ,KE,143
GB,SN,236
DK,IR,119
IL,MA,119
DK,SI,113
DZ,NL,129
KZ,ME,116
HK,MM,101
DK,EG,130
NG,TH,156
PL,RW,105
BE,BJ,143
GB,TJ,335
GR,KE,146
CZ,DZ,115
MA,UG,101
GB,MN,119
EG,YE,117
HT,IN,163
BJ,NL,143
FR,TJ,252
KE,MK,106
AR,KH,223
CA,CF,107
HN,SV,360
EU,ZM,290
BD,JO,376
LA,NL,129
BA,JO,131
HK,KE,104
CA,ET,146
IN,PA,123
PT,VN,138
EC,RU,139
DZ,RO,109
PA,PK,105
BG,BM,135
EE,ID,144
CH,SA,219
AL,RU,112
GB,XK,101
IT,QA,107
IN,TT,108
AT,KZ,124
JO,VN,217
AM,ME,235
DE,TJ,102
MA,SG,116
CL,HR,150
GR,JO,123
CL,RS,103
GR,PK,179
IS,TH,118
IE,SK,159
IT,UY,113
ID,MO,120
CD,JO,112
IN,MV,229
ES,KG,116
EC,NG,107
BE,VE,121
BR,KH,221
DZ,OM,112
NL,TM,117
BH,PL,137
OM,PK,201
EG,QA,101
AM,SG,739
CW,UA,152
BR,GD,135
AE,UZ,154
BD,SA,117
SN,ZA,134
BY,KE,168
MD,PK,119
GL,US,172
BB,FR,153
CO,HR,151
LT,ZA,276
